sub_id,customer_id,plan,mrr,started_at,ended_at,cancel_reason
SUB-10001,CUST-24960,pro,99,2026-04-18,2026-07-17,Switched to competitor
SUB-10002,CUST-20974,basic,29,2025-07-29,,
SUB-10003,CUST-24829,basic,29,2024-01-06,2024-03-01,Switched to competitor
SUB-10004,CUST-24720,pro,99,2025-01-06,2025-03-21,Missing features
SUB-10005,CUST-21581,enterprise,499,2024-10-02,2025-01-01,Company downsized
SUB-10006,CUST-20344,basic,29,2025-05-18,,
SUB-10007,CUST-23749,basic,29,2024-10-11,,
SUB-10008,CUST-20907,basic,29,2025-09-07,,
SUB-10009,CUST-23402,basic,29,2025-05-18,,
SUB-10010,CUST-22960,basic,29,2025-09-20,,
SUB-10011,CUST-22322,basic,29,2025-04-08,2025-09-22,Don't use it enough
SUB-10012,CUST-23776,enterprise,499,2025-02-23,2025-06-21,Don't use it enough
SUB-10013,CUST-22972,pro,99,2025-01-13,,
SUB-10014,CUST-23928,basic,29,2026-01-11,,
SUB-10015,CUST-21427,basic,29,2024-04-02,,
SUB-10016,CUST-20395,basic,29,2025-02-23,,
SUB-10017,CUST-24948,enterprise,499,2025-06-10,,
SUB-10018,CUST-20633,pro,99,2024-04-13,,
SUB-10019,CUST-23439,pro,99,2024-09-01,,
SUB-10020,CUST-23280,enterprise,499,2026-04-30,2026-06-30,Company downsized
SUB-10021,CUST-21583,basic,29,2026-03-08,,
SUB-10022,CUST-24562,pro,99,2024-09-11,,
SUB-10023,CUST-22405,basic,29,2025-06-23,2026-05-09,Switched to competitor
SUB-10024,CUST-22752,pro,99,2024-12-24,,
SUB-10025,CUST-22944,basic,29,2025-07-15,2026-04-09,Switched to competitor
SUB-10026,CUST-21717,pro,99,2025-01-05,2025-11-25,Company downsized
SUB-10027,CUST-20041,basic,29,2025-09-01,,
SUB-10028,CUST-23637,enterprise,499,2024-05-09,,
SUB-10029,CUST-23781,enterprise,499,2025-10-20,,
SUB-10030,CUST-21437,enterprise,499,2025-07-12,2025-10-19,Missing features
SUB-10031,CUST-20191,basic,29,2024-05-02,,
SUB-10032,CUST-22536,pro,99,2025-10-25,,
SUB-10033,CUST-23651,basic,29,2025-10-19,,
SUB-10034,CUST-24689,pro,99,2024-03-29,2025-03-28,Don't use it enough
SUB-10035,CUST-20555,basic,29,2024-09-01,2025-10-30,Switched to competitor
SUB-10036,CUST-22159,pro,99,2025-05-22,2026-01-13,Price too high
SUB-10037,CUST-23949,pro,99,2024-12-25,2025-11-06,Don't use it enough
SUB-10038,CUST-24260,pro,99,2024-03-16,2025-02-26,Switched to competitor
SUB-10039,CUST-22940,enterprise,499,2025-10-24,,
SUB-10040,CUST-22407,pro,99,2024-01-02,2024-02-21,Missing features
SUB-10041,CUST-21140,enterprise,499,2024-08-30,,
SUB-10042,CUST-20672,pro,99,2025-05-30,2026-01-21,Company downsized
SUB-10043,CUST-20985,basic,29,2026-01-27,,
SUB-10044,CUST-20403,basic,29,2025-08-17,,
SUB-10045,CUST-21789,pro,99,2025-08-11,,
SUB-10046,CUST-21018,basic,29,2025-03-29,2025-06-11,Missing features
SUB-10047,CUST-24599,basic,29,2025-01-11,2025-12-22,Company downsized
SUB-10048,CUST-22338,basic,29,2024-01-21,,
SUB-10049,CUST-21796,enterprise,499,2025-07-13,,
SUB-10050,CUST-22588,enterprise,499,2024-01-26,,
SUB-10051,CUST-21127,basic,29,2025-06-25,,
SUB-10052,CUST-22877,basic,29,2024-04-07,,
SUB-10053,CUST-23811,enterprise,499,2025-08-13,2026-06-01,Missing features
SUB-10054,CUST-22447,pro,99,2024-01-02,,
SUB-10055,CUST-21275,pro,99,2026-01-16,2026-02-22,Price too high
SUB-10056,CUST-20298,pro,99,2026-02-23,,
SUB-10057,CUST-24484,basic,29,2026-04-19,,
SUB-10058,CUST-23571,pro,99,2026-06-08,,
SUB-10059,CUST-22125,pro,99,2024-08-11,2025-03-10,Company downsized
SUB-10060,CUST-24616,pro,99,2026-05-31,,
SUB-10061,CUST-22063,basic,29,2026-01-12,,
SUB-10062,CUST-20018,basic,29,2024-07-30,2025-04-02,Missing features
SUB-10063,CUST-21948,basic,29,2025-12-11,,
SUB-10064,CUST-20403,basic,29,2024-07-12,,
SUB-10065,CUST-21699,pro,99,2024-02-16,,
SUB-10066,CUST-22904,pro,99,2026-05-02,,
SUB-10067,CUST-22681,basic,29,2024-02-14,,
SUB-10068,CUST-24402,basic,29,2026-04-01,,
SUB-10069,CUST-21702,basic,29,2025-11-06,,
SUB-10070,CUST-24523,pro,99,2024-10-29,,
SUB-10071,CUST-23116,basic,29,2026-02-10,,
SUB-10072,CUST-20554,basic,29,2026-05-06,,
SUB-10073,CUST-20582,basic,29,2025-08-27,,
SUB-10074,CUST-24922,basic,29,2024-04-07,,
SUB-10075,CUST-23886,pro,99,2025-01-18,,
SUB-10076,CUST-21781,pro,99,2025-01-22,,
SUB-10077,CUST-22928,pro,99,2025-09-25,,
SUB-10078,CUST-20541,pro,99,2026-04-17,,
SUB-10079,CUST-22131,basic,29,2024-03-29,,
SUB-10080,CUST-24278,basic,29,2024-10-10,,
SUB-10081,CUST-24263,pro,99,2025-01-07,2025-11-30,Switched to competitor
SUB-10082,CUST-23806,basic,29,2025-08-22,,
SUB-10083,CUST-23962,enterprise,499,2025-12-13,,
SUB-10084,CUST-21602,pro,99,2026-02-02,,
SUB-10085,CUST-22876,pro,99,2025-07-15,,
SUB-10086,CUST-20012,basic,29,2024-12-17,,
SUB-10087,CUST-20966,basic,29,2025-03-23,,
SUB-10088,CUST-22845,basic,29,2026-02-10,,
SUB-10089,CUST-24352,basic,29,2026-01-06,,
SUB-10090,CUST-24043,basic,29,2026-05-22,,
SUB-10091,CUST-23009,enterprise,499,2025-01-22,,
SUB-10092,CUST-20887,pro,99,2024-06-08,,
SUB-10093,CUST-20058,basic,29,2025-11-02,,
SUB-10094,CUST-23971,enterprise,499,2024-10-05,,
SUB-10095,CUST-23991,pro,99,2025-09-08,,
SUB-10096,CUST-23845,basic,29,2025-05-27,,
SUB-10097,CUST-23547,enterprise,499,2024-04-11,,
SUB-10098,CUST-22994,basic,29,2024-09-16,,
SUB-10099,CUST-22988,basic,29,2025-08-01,,
SUB-10100,CUST-24163,basic,29,2025-10-29,,
SUB-10101,CUST-23531,basic,29,2024-12-16,,
SUB-10102,CUST-21066,enterprise,499,2025-11-16,,
SUB-10103,CUST-24962,basic,29,2026-06-14,,
SUB-10104,CUST-23111,enterprise,499,2024-11-24,,
SUB-10105,CUST-24662,basic,29,2025-04-19,,
SUB-10106,CUST-21899,pro,99,2025-03-17,,
SUB-10107,CUST-23524,basic,29,2025-11-18,2026-01-25,Price too high
SUB-10108,CUST-22777,basic,29,2025-08-05,,
SUB-10109,CUST-21260,basic,29,2025-11-16,,
SUB-10110,CUST-20726,enterprise,499,2025-07-28,,
SUB-10111,CUST-21532,basic,29,2026-06-13,,
SUB-10112,CUST-21105,basic,29,2025-07-03,2026-07-14,Price too high
SUB-10113,CUST-23273,pro,99,2025-05-14,,
SUB-10114,CUST-20103,basic,29,2025-03-12,,
SUB-10115,CUST-21190,basic,29,2025-10-04,,
SUB-10116,CUST-22255,pro,99,2025-07-26,,
SUB-10117,CUST-22595,basic,29,2024-01-05,,
SUB-10118,CUST-21091,pro,99,2024-08-03,,
SUB-10119,CUST-24341,basic,29,2025-05-20,,
SUB-10120,CUST-22237,basic,29,2025-06-14,,
SUB-10121,CUST-23287,pro,99,2024-11-28,,
SUB-10122,CUST-24176,basic,29,2024-11-17,2025-01-24,Don't use it enough
SUB-10123,CUST-24843,pro,99,2024-09-18,,
SUB-10124,CUST-20563,basic,29,2025-08-26,,
SUB-10125,CUST-23853,basic,29,2024-12-09,,
SUB-10126,CUST-22021,basic,29,2024-05-30,,
SUB-10127,CUST-22283,pro,99,2024-10-02,,
SUB-10128,CUST-24977,enterprise,499,2024-05-09,,
SUB-10129,CUST-24170,basic,29,2025-06-20,,
SUB-10130,CUST-22417,basic,29,2024-08-21,2025-06-26,Price too high
SUB-10131,CUST-24742,pro,99,2024-09-07,2025-11-21,Don't use it enough
SUB-10132,CUST-24558,basic,29,2025-01-23,2025-05-01,Price too high
SUB-10133,CUST-21327,pro,99,2026-03-13,,
SUB-10134,CUST-24710,basic,29,2025-05-09,,
SUB-10135,CUST-22004,basic,29,2024-02-10,,
SUB-10136,CUST-20028,pro,99,2025-03-19,,
SUB-10137,CUST-24299,pro,99,2024-08-01,,
SUB-10138,CUST-20690,basic,29,2025-01-07,2025-07-14,Missing features
SUB-10139,CUST-23913,basic,29,2025-03-24,2026-04-29,Don't use it enough
SUB-10140,CUST-23167,pro,99,2024-06-03,,
SUB-10141,CUST-21407,pro,99,2024-11-04,,
SUB-10142,CUST-21149,pro,99,2025-08-05,2026-01-01,Switched to competitor
SUB-10143,CUST-21480,basic,29,2026-04-26,,
SUB-10144,CUST-23152,enterprise,499,2026-04-04,,
SUB-10145,CUST-22494,basic,29,2026-01-25,,
SUB-10146,CUST-23278,enterprise,499,2025-03-04,,
SUB-10147,CUST-24812,enterprise,499,2026-02-19,,
SUB-10148,CUST-21302,basic,29,2025-12-11,,
SUB-10149,CUST-21232,pro,99,2025-11-04,2026-03-03,Don't use it enough
SUB-10150,CUST-20752,pro,99,2026-06-18,,
SUB-10151,CUST-22937,pro,99,2025-03-11,2025-08-09,Switched to competitor
SUB-10152,CUST-22446,basic,29,2025-01-11,,
SUB-10153,CUST-20674,basic,29,2025-04-08,,
SUB-10154,CUST-24085,pro,99,2024-02-13,,
SUB-10155,CUST-24421,basic,29,2025-09-12,,
SUB-10156,CUST-21679,basic,29,2025-01-22,2025-03-01,Price too high
SUB-10157,CUST-24267,basic,29,2024-08-20,2025-05-02,Missing features
SUB-10158,CUST-21871,basic,29,2026-02-01,,
SUB-10159,CUST-20015,basic,29,2025-04-09,,
SUB-10160,CUST-21524,basic,29,2025-04-13,,
SUB-10161,CUST-21632,basic,29,2024-10-23,,
SUB-10162,CUST-21433,pro,99,2025-01-06,,
SUB-10163,CUST-20859,basic,29,2024-02-27,,
SUB-10164,CUST-20065,basic,29,2025-04-19,,
SUB-10165,CUST-24618,basic,29,2024-06-19,2024-12-17,Switched to competitor
SUB-10166,CUST-22059,basic,29,2025-09-02,2026-01-08,Company downsized
SUB-10167,CUST-21504,pro,99,2025-02-04,,
SUB-10168,CUST-23135,basic,29,2024-03-27,,
SUB-10169,CUST-20949,pro,99,2024-04-17,,
SUB-10170,CUST-22760,pro,99,2024-08-29,,
SUB-10171,CUST-23736,basic,29,2025-11-29,,
SUB-10172,CUST-21749,pro,99,2025-07-29,,
SUB-10173,CUST-24271,pro,99,2025-10-24,,
SUB-10174,CUST-21133,basic,29,2025-02-19,,
SUB-10175,CUST-23089,basic,29,2024-01-16,,
SUB-10176,CUST-20066,basic,29,2025-02-22,,
SUB-10177,CUST-24087,enterprise,499,2024-01-30,,
SUB-10178,CUST-21245,enterprise,499,2024-07-20,,
SUB-10179,CUST-23982,basic,29,2024-03-17,2024-06-08,Missing features
SUB-10180,CUST-22357,enterprise,499,2024-12-14,,
SUB-10181,CUST-20273,pro,99,2024-03-20,,
SUB-10182,CUST-22626,basic,29,2024-03-29,,
SUB-10183,CUST-20472,pro,99,2024-09-27,,
SUB-10184,CUST-24066,basic,29,2026-05-23,,
SUB-10185,CUST-22192,basic,29,2024-03-16,,
SUB-10186,CUST-21289,pro,99,2024-09-28,2025-12-05,Price too high
SUB-10187,CUST-24376,basic,29,2024-06-02,,
SUB-10188,CUST-21880,pro,99,2024-08-25,,
SUB-10189,CUST-20983,basic,29,2025-07-16,,
SUB-10190,CUST-21102,basic,29,2025-06-03,2025-10-04,Switched to competitor
SUB-10191,CUST-21225,basic,29,2024-09-17,2025-03-21,Missing features
SUB-10192,CUST-24419,pro,99,2025-07-22,,
SUB-10193,CUST-22705,pro,99,2026-06-08,,
SUB-10194,CUST-23277,basic,29,2024-11-05,,
SUB-10195,CUST-22283,pro,99,2025-02-23,,
SUB-10196,CUST-23544,enterprise,499,2024-06-13,,
SUB-10197,CUST-24825,basic,29,2026-05-08,,
SUB-10198,CUST-22567,basic,29,2026-02-06,,
SUB-10199,CUST-23567,pro,99,2025-03-10,,
SUB-10200,CUST-22795,pro,99,2024-04-27,,
SUB-10201,CUST-24907,basic,29,2025-08-19,,
SUB-10202,CUST-20689,pro,99,2026-02-25,,
SUB-10203,CUST-24930,enterprise,499,2024-10-12,,
SUB-10204,CUST-22388,enterprise,499,2024-10-08,2025-07-18,Missing features
SUB-10205,CUST-23350,pro,99,2024-05-25,2024-12-23,Don't use it enough
SUB-10206,CUST-23622,basic,29,2024-11-24,2025-04-15,Company downsized
SUB-10207,CUST-22373,pro,99,2025-12-14,2026-04-02,Don't use it enough
SUB-10208,CUST-24316,basic,29,2024-02-23,,
SUB-10209,CUST-24240,enterprise,499,2024-06-19,2024-11-21,Don't use it enough
SUB-10210,CUST-23224,basic,29,2025-05-20,,
SUB-10211,CUST-21130,pro,99,2026-05-13,,
SUB-10212,CUST-22815,basic,29,2025-01-29,2025-03-12,Price too high
SUB-10213,CUST-23806,basic,29,2025-08-12,,
SUB-10214,CUST-20879,basic,29,2024-04-04,2024-05-01,Switched to competitor
SUB-10215,CUST-20636,basic,29,2024-02-07,,
SUB-10216,CUST-23795,basic,29,2025-10-11,,
SUB-10217,CUST-23711,pro,99,2025-07-14,2026-06-25,Company downsized
SUB-10218,CUST-23225,basic,29,2024-09-24,,
SUB-10219,CUST-23119,basic,29,2026-06-15,,
SUB-10220,CUST-22641,basic,29,2026-06-01,,
SUB-10221,CUST-20662,basic,29,2026-03-25,,
SUB-10222,CUST-23778,enterprise,499,2025-10-10,,
SUB-10223,CUST-23499,pro,99,2026-03-10,,
SUB-10224,CUST-23087,basic,29,2025-12-02,,
SUB-10225,CUST-22072,enterprise,499,2026-03-27,,
SUB-10226,CUST-21730,basic,29,2024-11-09,,
SUB-10227,CUST-23770,basic,29,2024-07-08,,
SUB-10228,CUST-20433,pro,99,2025-02-26,,
SUB-10229,CUST-24548,basic,29,2025-11-09,,
SUB-10230,CUST-21152,basic,29,2024-11-23,,
SUB-10231,CUST-24105,basic,29,2025-06-22,,
SUB-10232,CUST-21902,enterprise,499,2026-06-16,,
SUB-10233,CUST-20273,basic,29,2026-04-12,,
SUB-10234,CUST-20473,basic,29,2024-09-28,2025-02-21,Missing features
SUB-10235,CUST-21700,basic,29,2024-02-01,2025-02-01,Switched to competitor
SUB-10236,CUST-23282,basic,29,2025-05-31,,
SUB-10237,CUST-21037,basic,29,2026-02-17,,
SUB-10238,CUST-21079,basic,29,2025-06-20,,
SUB-10239,CUST-23031,enterprise,499,2024-01-26,,
SUB-10240,CUST-20203,basic,29,2026-02-21,,
SUB-10241,CUST-24510,basic,29,2026-05-28,2026-07-15,Don't use it enough
SUB-10242,CUST-20314,pro,99,2026-04-09,,
SUB-10243,CUST-23782,enterprise,499,2024-05-23,2025-08-02,Don't use it enough
SUB-10244,CUST-24440,basic,29,2024-03-13,,
SUB-10245,CUST-23521,basic,29,2024-12-09,,
SUB-10246,CUST-24860,basic,29,2024-11-02,,
SUB-10247,CUST-22720,basic,29,2025-12-26,,
SUB-10248,CUST-21502,enterprise,499,2024-09-28,2025-04-22,Company downsized
SUB-10249,CUST-22294,pro,99,2024-04-24,,
SUB-10250,CUST-20002,basic,29,2024-07-25,2025-02-25,Company downsized
SUB-10251,CUST-24876,enterprise,499,2024-10-18,,
SUB-10252,CUST-21979,basic,29,2025-06-20,,
SUB-10253,CUST-22028,basic,29,2026-04-26,,
SUB-10254,CUST-23437,basic,29,2026-01-24,,
SUB-10255,CUST-21156,basic,29,2025-10-30,,
SUB-10256,CUST-22321,pro,99,2026-05-04,,
SUB-10257,CUST-20996,pro,99,2025-08-31,,
SUB-10258,CUST-21949,basic,29,2024-12-11,,
SUB-10259,CUST-24899,pro,99,2026-01-17,,
SUB-10260,CUST-24518,pro,99,2025-01-31,,
SUB-10261,CUST-22578,pro,99,2025-05-03,,
SUB-10262,CUST-21517,pro,99,2025-02-07,2025-03-28,Company downsized
SUB-10263,CUST-23304,pro,99,2026-01-02,,
SUB-10264,CUST-23149,pro,99,2024-08-25,,
SUB-10265,CUST-21386,basic,29,2024-02-28,2024-09-04,Price too high
SUB-10266,CUST-22894,basic,29,2025-01-17,2025-12-10,Company downsized
SUB-10267,CUST-21790,pro,99,2026-04-03,,
SUB-10268,CUST-24340,basic,29,2025-09-30,2026-03-18,Missing features
SUB-10269,CUST-24779,basic,29,2024-01-08,2024-08-06,Company downsized
SUB-10270,CUST-22034,basic,29,2026-01-15,,
SUB-10271,CUST-22124,basic,29,2025-04-16,2025-07-31,Company downsized
SUB-10272,CUST-22246,basic,29,2024-11-07,2026-01-24,Don't use it enough
SUB-10273,CUST-21072,pro,99,2025-11-29,,
SUB-10274,CUST-24826,pro,99,2025-02-10,2025-05-05,Price too high
SUB-10275,CUST-22908,basic,29,2024-03-14,,
SUB-10276,CUST-24529,basic,29,2025-08-10,,
SUB-10277,CUST-22591,basic,29,2026-04-29,,
SUB-10278,CUST-21607,enterprise,499,2024-10-14,,
SUB-10279,CUST-20120,basic,29,2025-08-14,,
SUB-10280,CUST-21486,enterprise,499,2025-08-19,2026-03-30,Company downsized
SUB-10281,CUST-21761,basic,29,2025-07-19,,
SUB-10282,CUST-22164,pro,99,2026-01-07,,
SUB-10283,CUST-21049,basic,29,2026-04-30,,
SUB-10284,CUST-22117,basic,29,2024-10-21,,
SUB-10285,CUST-24643,pro,99,2026-06-01,,
SUB-10286,CUST-21550,basic,29,2024-04-17,,
SUB-10287,CUST-20270,pro,99,2025-09-03,,
SUB-10288,CUST-23780,enterprise,499,2025-12-08,,
SUB-10289,CUST-22211,basic,29,2024-03-17,2024-05-08,Price too high
SUB-10290,CUST-22659,pro,99,2026-04-17,,
SUB-10291,CUST-24534,basic,29,2025-12-08,,
SUB-10292,CUST-22647,pro,99,2025-02-19,,
SUB-10293,CUST-20387,basic,29,2026-05-22,,
SUB-10294,CUST-22012,pro,99,2024-12-27,,
SUB-10295,CUST-20758,basic,29,2026-02-14,,
SUB-10296,CUST-21970,basic,29,2024-05-12,,
SUB-10297,CUST-22054,pro,99,2025-11-22,,
SUB-10298,CUST-20770,enterprise,499,2026-03-29,2026-05-24,Missing features
SUB-10299,CUST-24417,basic,29,2026-04-24,,
SUB-10300,CUST-20463,basic,29,2024-07-13,,
SUB-10301,CUST-23766,basic,29,2024-04-09,,
SUB-10302,CUST-23755,basic,29,2024-03-27,,
SUB-10303,CUST-20999,pro,99,2026-02-09,,
SUB-10304,CUST-24128,basic,29,2025-04-18,,
SUB-10305,CUST-23607,pro,99,2026-04-28,,
SUB-10306,CUST-20467,basic,29,2024-10-11,2025-05-10,Switched to competitor
SUB-10307,CUST-21246,basic,29,2024-05-26,,
SUB-10308,CUST-22718,enterprise,499,2025-08-16,,
SUB-10309,CUST-24973,basic,29,2024-04-12,,
SUB-10310,CUST-22590,pro,99,2024-10-25,2025-10-07,Price too high
SUB-10311,CUST-22336,basic,29,2025-06-06,,
SUB-10312,CUST-23487,pro,99,2025-02-08,,
SUB-10313,CUST-23587,pro,99,2024-10-02,,
SUB-10314,CUST-21648,basic,29,2025-12-09,2026-06-23,Don't use it enough
SUB-10315,CUST-20812,basic,29,2024-12-08,,
SUB-10316,CUST-22024,basic,29,2025-06-13,2026-01-22,Switched to competitor
SUB-10317,CUST-21283,basic,29,2024-08-18,,
SUB-10318,CUST-24828,basic,29,2024-09-15,2025-10-21,Missing features
SUB-10319,CUST-22008,basic,29,2025-07-23,,
SUB-10320,CUST-23354,enterprise,499,2026-03-12,2026-06-15,Switched to competitor
SUB-10321,CUST-23127,basic,29,2025-01-20,,
SUB-10322,CUST-24884,basic,29,2024-02-02,2024-07-09,Missing features
SUB-10323,CUST-23393,pro,99,2024-08-30,,
SUB-10324,CUST-22807,basic,29,2025-01-02,,
SUB-10325,CUST-23088,enterprise,499,2025-02-17,2025-04-14,Price too high
SUB-10326,CUST-20034,basic,29,2026-03-27,,
SUB-10327,CUST-22226,enterprise,499,2025-11-14,,
SUB-10328,CUST-24892,pro,99,2025-10-23,,
SUB-10329,CUST-24089,pro,99,2025-06-27,2026-07-14,Price too high
SUB-10330,CUST-23756,basic,29,2025-11-18,,
SUB-10331,CUST-21244,basic,29,2024-03-01,2025-01-01,Missing features
SUB-10332,CUST-23781,pro,99,2024-04-18,2024-11-24,Missing features
SUB-10333,CUST-20021,pro,99,2025-02-18,,
SUB-10334,CUST-20733,basic,29,2025-04-19,,
SUB-10335,CUST-24553,enterprise,499,2025-02-11,,
SUB-10336,CUST-24492,basic,29,2025-10-08,,
SUB-10337,CUST-22195,enterprise,499,2025-02-12,,
SUB-10338,CUST-20068,pro,99,2025-11-01,,
SUB-10339,CUST-21717,basic,29,2024-04-23,2025-07-05,Don't use it enough
SUB-10340,CUST-22606,pro,99,2024-10-05,,
SUB-10341,CUST-23405,basic,29,2024-03-12,,
SUB-10342,CUST-24999,basic,29,2025-06-23,,
SUB-10343,CUST-21528,basic,29,2025-02-11,,
SUB-10344,CUST-24562,pro,99,2024-07-18,,
SUB-10345,CUST-20594,basic,29,2024-01-26,2024-10-30,Switched to competitor
SUB-10346,CUST-21681,pro,99,2025-02-13,,
SUB-10347,CUST-23079,basic,29,2024-08-25,,
SUB-10348,CUST-22172,basic,29,2026-01-31,,
SUB-10349,CUST-23801,enterprise,499,2024-07-22,,
SUB-10350,CUST-21132,basic,29,2024-11-16,,
SUB-10351,CUST-21837,pro,99,2025-12-20,,
SUB-10352,CUST-21135,pro,99,2025-12-24,,
SUB-10353,CUST-22982,basic,29,2025-10-06,2026-07-03,Price too high
SUB-10354,CUST-23802,pro,99,2024-11-23,,
SUB-10355,CUST-22266,basic,29,2026-05-28,,
SUB-10356,CUST-23161,pro,99,2024-11-08,,
SUB-10357,CUST-23126,pro,99,2026-04-15,,
SUB-10358,CUST-21537,basic,29,2024-02-17,,
SUB-10359,CUST-21981,basic,29,2024-04-23,2024-06-21,Missing features
SUB-10360,CUST-20307,pro,99,2024-03-12,2025-03-09,Company downsized
SUB-10361,CUST-24570,pro,99,2024-12-08,,
SUB-10362,CUST-23420,enterprise,499,2025-09-30,,
SUB-10363,CUST-22587,pro,99,2026-04-14,,
SUB-10364,CUST-24203,basic,29,2025-08-14,,
SUB-10365,CUST-21821,basic,29,2026-05-11,,
SUB-10366,CUST-20089,basic,29,2024-01-03,,
SUB-10367,CUST-22691,pro,99,2025-07-29,2025-12-06,Don't use it enough
SUB-10368,CUST-24019,basic,29,2025-05-24,2025-07-20,Missing features
SUB-10369,CUST-22764,basic,29,2024-02-04,,
SUB-10370,CUST-20701,basic,29,2026-01-05,,
SUB-10371,CUST-22740,basic,29,2025-07-02,,
SUB-10372,CUST-23453,pro,99,2024-04-08,,
SUB-10373,CUST-22697,pro,99,2025-12-01,,
SUB-10374,CUST-24494,enterprise,499,2025-01-12,,
SUB-10375,CUST-21546,basic,29,2025-09-16,,
SUB-10376,CUST-24378,basic,29,2025-10-23,,
SUB-10377,CUST-24677,basic,29,2025-05-18,2025-12-20,Switched to competitor
SUB-10378,CUST-22468,basic,29,2025-09-28,,
SUB-10379,CUST-23833,enterprise,499,2025-12-05,,
SUB-10380,CUST-21406,enterprise,499,2025-02-05,,
SUB-10381,CUST-20968,basic,29,2025-05-10,,
SUB-10382,CUST-20334,pro,99,2025-04-30,,
SUB-10383,CUST-22864,pro,99,2026-01-26,,
SUB-10384,CUST-23415,enterprise,499,2024-04-17,,
SUB-10385,CUST-24800,pro,99,2025-07-22,,
SUB-10386,CUST-21676,pro,99,2025-05-29,,
SUB-10387,CUST-24019,basic,29,2025-10-03,,
SUB-10388,CUST-23945,basic,29,2024-08-01,,
SUB-10389,CUST-20405,basic,29,2024-10-26,,
SUB-10390,CUST-23873,pro,99,2026-06-17,,
SUB-10391,CUST-22177,basic,29,2026-04-04,,
SUB-10392,CUST-21132,pro,99,2024-01-31,,
SUB-10393,CUST-22223,basic,29,2025-06-03,,
SUB-10394,CUST-21406,pro,99,2026-02-24,,
SUB-10395,CUST-24014,basic,29,2025-06-25,,
SUB-10396,CUST-24149,basic,29,2026-04-04,,
SUB-10397,CUST-24267,basic,29,2026-02-22,,
SUB-10398,CUST-24842,basic,29,2024-12-11,,
SUB-10399,CUST-20047,pro,99,2024-08-17,,
SUB-10400,CUST-24434,pro,99,2025-06-03,2025-09-15,Don't use it enough
SUB-10401,CUST-23831,basic,29,2025-12-29,,
SUB-10402,CUST-22184,basic,29,2025-04-10,,
SUB-10403,CUST-22173,basic,29,2026-04-20,,
SUB-10404,CUST-23896,pro,99,2024-09-02,,
SUB-10405,CUST-24807,basic,29,2024-07-25,,
SUB-10406,CUST-24596,basic,29,2024-08-13,,
SUB-10407,CUST-23492,basic,29,2025-10-20,,
SUB-10408,CUST-21088,basic,29,2024-08-10,2024-11-17,Company downsized
SUB-10409,CUST-22346,pro,99,2025-07-05,,
SUB-10410,CUST-24514,pro,99,2025-10-12,,
SUB-10411,CUST-20284,basic,29,2024-04-19,,
SUB-10412,CUST-20718,basic,29,2024-07-26,,
SUB-10413,CUST-23745,basic,29,2025-08-16,,
SUB-10414,CUST-23055,enterprise,499,2024-01-24,,
SUB-10415,CUST-24779,basic,29,2026-02-14,,
SUB-10416,CUST-21845,basic,29,2025-02-10,,
SUB-10417,CUST-20592,basic,29,2025-06-24,,
SUB-10418,CUST-24720,basic,29,2024-03-25,,
SUB-10419,CUST-20926,basic,29,2024-04-04,2024-08-09,Don't use it enough
SUB-10420,CUST-22780,enterprise,499,2025-11-05,,
SUB-10421,CUST-21130,pro,99,2024-06-18,,
SUB-10422,CUST-20453,basic,29,2024-02-28,2025-03-18,Company downsized
SUB-10423,CUST-23524,enterprise,499,2024-10-29,,
SUB-10424,CUST-24615,pro,99,2024-03-03,,
SUB-10425,CUST-22535,basic,29,2026-06-14,,
SUB-10426,CUST-21626,pro,99,2025-06-20,,
SUB-10427,CUST-21518,pro,99,2025-10-18,,
SUB-10428,CUST-24632,pro,99,2024-10-08,2025-12-09,Switched to competitor
SUB-10429,CUST-23634,basic,29,2024-03-30,,
SUB-10430,CUST-20956,basic,29,2024-03-12,,
SUB-10431,CUST-21522,basic,29,2025-07-15,,
SUB-10432,CUST-23693,basic,29,2026-01-31,,
SUB-10433,CUST-23018,basic,29,2024-08-20,,
SUB-10434,CUST-23016,pro,99,2025-08-28,,
SUB-10435,CUST-23987,basic,29,2024-09-20,,
SUB-10436,CUST-22609,basic,29,2024-08-10,,
SUB-10437,CUST-24658,pro,99,2024-05-11,,
SUB-10438,CUST-23422,enterprise,499,2025-09-08,,
SUB-10439,CUST-21072,pro,99,2026-03-15,,
SUB-10440,CUST-23019,basic,29,2026-05-29,,
SUB-10441,CUST-24515,basic,29,2024-05-02,2025-05-02,Company downsized
SUB-10442,CUST-24132,basic,29,2025-03-02,2026-04-09,Don't use it enough
SUB-10443,CUST-24640,basic,29,2024-08-02,,
SUB-10444,CUST-22948,basic,29,2025-10-03,,
SUB-10445,CUST-22400,basic,29,2026-03-22,2026-05-21,Company downsized
SUB-10446,CUST-22100,basic,29,2025-03-14,,
SUB-10447,CUST-22474,basic,29,2025-02-18,2025-03-07,Missing features
SUB-10448,CUST-24992,pro,99,2024-06-23,,
SUB-10449,CUST-24324,basic,29,2024-01-17,,
SUB-10450,CUST-20615,basic,29,2025-01-06,2025-07-12,Missing features
SUB-10451,CUST-21788,pro,99,2025-06-28,2026-06-08,Price too high
SUB-10452,CUST-20565,pro,99,2025-07-05,,
SUB-10453,CUST-23537,pro,99,2025-12-26,,
SUB-10454,CUST-21410,basic,29,2026-05-10,,
SUB-10455,CUST-20304,pro,99,2024-03-09,2024-12-26,Switched to competitor
SUB-10456,CUST-23785,pro,99,2026-05-21,,
SUB-10457,CUST-22098,basic,29,2024-06-16,,
SUB-10458,CUST-23498,basic,29,2024-10-17,,
SUB-10459,CUST-22787,basic,29,2025-04-25,,
SUB-10460,CUST-22032,basic,29,2025-08-05,,
SUB-10461,CUST-21187,enterprise,499,2024-11-03,,
SUB-10462,CUST-21214,basic,29,2026-01-10,,
SUB-10463,CUST-21419,basic,29,2025-02-23,,
SUB-10464,CUST-24383,pro,99,2024-11-28,2025-08-23,Price too high
SUB-10465,CUST-21149,basic,29,2025-09-22,,
SUB-10466,CUST-24542,basic,29,2024-08-04,,
SUB-10467,CUST-24842,basic,29,2024-12-18,,
SUB-10468,CUST-21607,basic,29,2024-02-08,,
SUB-10469,CUST-23179,basic,29,2024-10-05,,
SUB-10470,CUST-23521,enterprise,499,2025-05-17,,
SUB-10471,CUST-21714,basic,29,2024-10-15,,
SUB-10472,CUST-23987,pro,99,2025-03-17,2025-10-28,Company downsized
SUB-10473,CUST-20874,enterprise,499,2024-01-03,2025-02-03,Switched to competitor
SUB-10474,CUST-23527,pro,99,2026-05-19,,
SUB-10475,CUST-24031,pro,99,2026-03-03,,
SUB-10476,CUST-20378,pro,99,2025-08-03,2026-05-15,Company downsized
SUB-10477,CUST-24584,enterprise,499,2026-04-05,,
SUB-10478,CUST-20547,basic,29,2025-10-10,,
SUB-10479,CUST-24070,basic,29,2026-06-17,,
SUB-10480,CUST-24951,basic,29,2024-08-15,,
SUB-10481,CUST-23797,basic,29,2024-08-30,2025-08-24,Price too high
SUB-10482,CUST-20393,pro,99,2026-03-31,,
SUB-10483,CUST-20615,basic,29,2026-05-11,,
SUB-10484,CUST-23804,basic,29,2026-04-13,,
SUB-10485,CUST-20820,basic,29,2024-01-24,,
SUB-10486,CUST-21513,basic,29,2025-01-25,,
SUB-10487,CUST-20909,pro,99,2026-04-12,,
SUB-10488,CUST-20111,enterprise,499,2026-03-11,2026-07-07,Switched to competitor
SUB-10489,CUST-24478,pro,99,2026-04-10,,
SUB-10490,CUST-21195,basic,29,2024-01-26,,
SUB-10491,CUST-22767,enterprise,499,2026-04-17,,
SUB-10492,CUST-21601,basic,29,2025-03-02,,
SUB-10493,CUST-21785,basic,29,2024-11-20,,
SUB-10494,CUST-23172,basic,29,2025-07-20,,
SUB-10495,CUST-20738,pro,99,2024-07-23,,
SUB-10496,CUST-24804,pro,99,2025-01-31,,
SUB-10497,CUST-22857,pro,99,2024-10-20,,
SUB-10498,CUST-20767,pro,99,2025-02-21,,
SUB-10499,CUST-20029,pro,99,2025-10-25,,
SUB-10500,CUST-24053,basic,29,2025-09-14,,
SUB-10501,CUST-23249,basic,29,2024-06-09,,
SUB-10502,CUST-21814,enterprise,499,2024-08-05,,
SUB-10503,CUST-20363,basic,29,2024-03-14,2024-11-25,Don't use it enough
SUB-10504,CUST-23479,enterprise,499,2026-06-12,,
SUB-10505,CUST-24757,basic,29,2025-07-01,,
SUB-10506,CUST-24313,pro,99,2025-03-31,,
SUB-10507,CUST-24604,basic,29,2024-02-13,,
SUB-10508,CUST-21980,basic,29,2025-11-17,,
SUB-10509,CUST-20355,basic,29,2024-06-16,,
SUB-10510,CUST-23911,enterprise,499,2024-05-14,,
SUB-10511,CUST-22580,pro,99,2025-04-07,2025-11-09,Company downsized
SUB-10512,CUST-22961,pro,99,2025-12-16,,
SUB-10513,CUST-22072,pro,99,2024-10-02,,
SUB-10514,CUST-22107,basic,29,2024-05-22,,
SUB-10515,CUST-24424,pro,99,2024-04-11,,
SUB-10516,CUST-20691,pro,99,2025-09-26,,
SUB-10517,CUST-21228,basic,29,2026-04-09,,
SUB-10518,CUST-23372,basic,29,2025-04-15,2025-11-07,Switched to competitor
SUB-10519,CUST-20697,pro,99,2024-11-29,,
SUB-10520,CUST-20298,pro,99,2026-03-13,,
SUB-10521,CUST-21341,basic,29,2026-02-17,,
SUB-10522,CUST-23985,enterprise,499,2024-12-30,,
SUB-10523,CUST-20995,basic,29,2024-07-05,2025-02-10,Switched to competitor
SUB-10524,CUST-24338,pro,99,2024-11-14,2024-12-10,Switched to competitor
SUB-10525,CUST-22339,basic,29,2026-05-10,,
SUB-10526,CUST-23321,enterprise,499,2024-11-09,,
SUB-10527,CUST-24290,basic,29,2025-06-22,,
SUB-10528,CUST-20166,pro,99,2024-05-19,,
SUB-10529,CUST-21247,basic,29,2024-03-18,,
SUB-10530,CUST-21366,pro,99,2024-01-20,,
SUB-10531,CUST-20514,pro,99,2025-11-26,2026-05-14,Switched to competitor
SUB-10532,CUST-23936,basic,29,2024-01-17,,
SUB-10533,CUST-20347,enterprise,499,2024-08-17,,
SUB-10534,CUST-22404,basic,29,2025-02-19,,
SUB-10535,CUST-20963,pro,99,2025-07-10,2026-01-01,Company downsized
SUB-10536,CUST-20431,basic,29,2025-12-20,,
SUB-10537,CUST-20048,basic,29,2026-04-15,,
SUB-10538,CUST-23543,enterprise,499,2024-09-30,,
SUB-10539,CUST-21728,pro,99,2025-08-05,2026-04-11,Price too high
SUB-10540,CUST-23050,enterprise,499,2024-07-12,2025-05-21,Company downsized
SUB-10541,CUST-22446,pro,99,2025-05-20,,
SUB-10542,CUST-20252,basic,29,2024-04-12,2025-04-18,Switched to competitor
SUB-10543,CUST-24024,basic,29,2025-11-27,,
SUB-10544,CUST-20364,pro,99,2024-06-04,,
SUB-10545,CUST-24191,enterprise,499,2025-09-12,,
SUB-10546,CUST-20208,pro,99,2024-10-02,,
SUB-10547,CUST-21414,enterprise,499,2026-02-25,,
SUB-10548,CUST-20687,pro,99,2025-05-14,,
SUB-10549,CUST-21640,pro,99,2026-02-15,,
SUB-10550,CUST-22789,enterprise,499,2025-11-26,,
SUB-10551,CUST-20341,enterprise,499,2024-02-13,2024-06-26,Company downsized
SUB-10552,CUST-20687,basic,29,2026-03-02,,
SUB-10553,CUST-21804,basic,29,2026-04-30,,
SUB-10554,CUST-22530,enterprise,499,2025-04-02,2026-02-16,Missing features
SUB-10555,CUST-23826,pro,99,2026-01-05,,
SUB-10556,CUST-24073,pro,99,2025-03-08,2025-06-24,Price too high
SUB-10557,CUST-21379,pro,99,2025-08-16,,
SUB-10558,CUST-20704,pro,99,2024-06-27,,
SUB-10559,CUST-20414,basic,29,2025-09-10,,
SUB-10560,CUST-24480,pro,99,2025-04-27,,
SUB-10561,CUST-20231,basic,29,2024-06-18,2025-07-31,Price too high
SUB-10562,CUST-20390,pro,99,2025-05-27,2025-10-28,Don't use it enough
SUB-10563,CUST-23259,basic,29,2025-12-15,,
SUB-10564,CUST-21982,pro,99,2025-12-25,,
SUB-10565,CUST-23758,pro,99,2024-02-10,,
SUB-10566,CUST-22685,pro,99,2024-11-17,,
SUB-10567,CUST-23281,basic,29,2025-02-03,,
SUB-10568,CUST-24486,basic,29,2025-08-14,,
SUB-10569,CUST-22211,basic,29,2024-08-13,,
SUB-10570,CUST-24796,pro,99,2026-01-04,,
SUB-10571,CUST-24345,pro,99,2025-02-20,,
SUB-10572,CUST-24241,pro,99,2024-12-26,,
SUB-10573,CUST-24701,pro,99,2024-02-27,2025-01-18,Don't use it enough
SUB-10574,CUST-21598,basic,29,2024-09-24,,
SUB-10575,CUST-24606,pro,99,2025-10-17,,
SUB-10576,CUST-23803,basic,29,2025-02-02,,
SUB-10577,CUST-22460,basic,29,2024-11-17,,
SUB-10578,CUST-22744,basic,29,2025-01-22,,
SUB-10579,CUST-23252,pro,99,2026-01-20,,
SUB-10580,CUST-24612,enterprise,499,2026-02-23,,
SUB-10581,CUST-23831,basic,29,2024-11-14,2026-02-04,Price too high
SUB-10582,CUST-22588,basic,29,2025-10-14,,
SUB-10583,CUST-20812,basic,29,2024-10-05,,
SUB-10584,CUST-20665,basic,29,2024-01-08,2024-06-01,Company downsized
SUB-10585,CUST-22290,pro,99,2025-10-04,2026-02-26,Don't use it enough
SUB-10586,CUST-20195,pro,99,2024-09-17,2025-05-09,Switched to competitor
SUB-10587,CUST-24104,pro,99,2024-05-31,2024-11-22,Switched to competitor
SUB-10588,CUST-24784,basic,29,2024-07-13,,
SUB-10589,CUST-21405,pro,99,2024-12-24,,
SUB-10590,CUST-20118,pro,99,2025-11-20,,
SUB-10591,CUST-23380,pro,99,2024-11-16,2025-02-14,Price too high
SUB-10592,CUST-21353,pro,99,2025-05-31,,
SUB-10593,CUST-23183,pro,99,2025-06-19,,
SUB-10594,CUST-23215,basic,29,2026-05-14,,
SUB-10595,CUST-22500,pro,99,2025-08-29,,
SUB-10596,CUST-22893,pro,99,2025-03-09,,
SUB-10597,CUST-21907,pro,99,2024-07-08,,
SUB-10598,CUST-22448,basic,29,2024-10-17,,
SUB-10599,CUST-21726,basic,29,2025-02-17,,
SUB-10600,CUST-21153,pro,99,2025-04-17,,
SUB-10601,CUST-21387,basic,29,2024-11-14,2025-10-25,Don't use it enough
SUB-10602,CUST-20715,basic,29,2026-04-16,,
SUB-10603,CUST-20385,pro,99,2025-08-01,,
SUB-10604,CUST-24048,enterprise,499,2025-01-07,,
SUB-10605,CUST-20181,pro,99,2026-02-14,,
SUB-10606,CUST-23858,basic,29,2025-03-13,2025-04-19,Don't use it enough
SUB-10607,CUST-24805,basic,29,2025-12-14,,
SUB-10608,CUST-24907,basic,29,2024-09-06,,
SUB-10609,CUST-21052,basic,29,2025-12-16,,
SUB-10610,CUST-24791,basic,29,2025-07-15,2026-01-06,Don't use it enough
SUB-10611,CUST-20015,pro,99,2024-12-04,,
SUB-10612,CUST-22066,basic,29,2024-09-11,,
SUB-10613,CUST-21948,enterprise,499,2024-08-26,,
SUB-10614,CUST-21568,basic,29,2026-04-29,,
SUB-10615,CUST-20855,basic,29,2025-12-30,,
SUB-10616,CUST-23240,basic,29,2026-01-24,,
SUB-10617,CUST-23793,basic,29,2024-05-10,,
SUB-10618,CUST-22670,basic,29,2026-03-05,,
SUB-10619,CUST-20370,basic,29,2026-06-13,,
SUB-10620,CUST-24414,pro,99,2026-05-16,,
SUB-10621,CUST-23285,pro,99,2025-03-21,,
SUB-10622,CUST-21051,pro,99,2025-01-22,,
SUB-10623,CUST-22304,basic,29,2024-04-14,,
SUB-10624,CUST-23501,basic,29,2024-01-18,2024-12-03,Switched to competitor
SUB-10625,CUST-24919,pro,99,2025-07-20,2026-07-12,Don't use it enough
SUB-10626,CUST-23573,pro,99,2025-07-09,,
SUB-10627,CUST-21776,pro,99,2024-12-06,,
SUB-10628,CUST-20936,basic,29,2026-02-25,,
SUB-10629,CUST-21420,enterprise,499,2025-07-18,,
SUB-10630,CUST-21146,basic,29,2025-12-26,,
SUB-10631,CUST-23752,basic,29,2024-10-04,,
SUB-10632,CUST-21331,basic,29,2026-04-19,,
SUB-10633,CUST-20330,pro,99,2025-05-04,,
SUB-10634,CUST-21951,pro,99,2024-02-23,,
SUB-10635,CUST-21116,basic,29,2025-02-02,2025-05-30,Missing features
SUB-10636,CUST-23222,basic,29,2024-07-19,,
SUB-10637,CUST-21896,basic,29,2024-11-18,,
SUB-10638,CUST-22137,basic,29,2025-04-26,,
SUB-10639,CUST-20223,basic,29,2026-04-30,,
SUB-10640,CUST-24579,enterprise,499,2025-10-02,,
SUB-10641,CUST-21148,basic,29,2025-02-10,2025-12-31,Don't use it enough
SUB-10642,CUST-21179,basic,29,2024-11-15,,
SUB-10643,CUST-20199,basic,29,2024-09-29,2024-10-17,Price too high
SUB-10644,CUST-24300,pro,99,2025-09-09,,
SUB-10645,CUST-22486,basic,29,2024-12-21,,
SUB-10646,CUST-23127,enterprise,499,2025-03-05,2025-09-19,Missing features
SUB-10647,CUST-23048,basic,29,2025-05-03,,
SUB-10648,CUST-22731,basic,29,2024-03-16,,
SUB-10649,CUST-24613,basic,29,2024-11-28,2026-01-09,Switched to competitor
SUB-10650,CUST-22119,enterprise,499,2024-07-03,,
SUB-10651,CUST-21108,pro,99,2025-09-03,,
SUB-10652,CUST-22436,enterprise,499,2024-07-16,,
SUB-10653,CUST-20987,pro,99,2024-08-18,,
SUB-10654,CUST-23894,basic,29,2024-07-13,,
SUB-10655,CUST-20776,pro,99,2025-05-21,,
SUB-10656,CUST-22643,enterprise,499,2026-04-27,,
SUB-10657,CUST-21563,basic,29,2024-01-09,,
SUB-10658,CUST-22608,enterprise,499,2025-06-18,,
SUB-10659,CUST-21538,enterprise,499,2025-03-26,,
SUB-10660,CUST-21356,enterprise,499,2025-05-18,,
SUB-10661,CUST-20565,basic,29,2025-10-26,2026-05-11,Price too high
SUB-10662,CUST-23631,pro,99,2025-06-22,,
SUB-10663,CUST-24586,basic,29,2025-07-07,2025-10-17,Company downsized
SUB-10664,CUST-23343,pro,99,2024-04-01,2025-04-07,Price too high
SUB-10665,CUST-22791,pro,99,2025-01-02,,
SUB-10666,CUST-20463,pro,99,2026-04-29,,
SUB-10667,CUST-20906,basic,29,2026-06-09,,
SUB-10668,CUST-24100,basic,29,2025-09-09,2026-03-10,Don't use it enough
SUB-10669,CUST-22023,pro,99,2025-02-16,,
SUB-10670,CUST-22469,basic,29,2024-10-22,,
SUB-10671,CUST-22163,basic,29,2025-09-05,,
SUB-10672,CUST-20318,pro,99,2024-08-16,,
SUB-10673,CUST-24306,basic,29,2026-06-14,,
SUB-10674,CUST-21710,pro,99,2024-07-02,2025-05-05,Company downsized
SUB-10675,CUST-21467,pro,99,2025-04-06,,
SUB-10676,CUST-20032,basic,29,2025-08-18,,
SUB-10677,CUST-22851,enterprise,499,2025-12-19,,
SUB-10678,CUST-22191,basic,29,2025-02-04,,
SUB-10679,CUST-23389,pro,99,2025-10-19,2026-04-10,Switched to competitor
SUB-10680,CUST-21178,pro,99,2024-01-26,,
SUB-10681,CUST-21299,basic,29,2025-07-15,,
SUB-10682,CUST-23352,enterprise,499,2026-03-27,,
SUB-10683,CUST-24224,pro,99,2026-04-11,,
SUB-10684,CUST-20770,basic,29,2025-03-05,,
SUB-10685,CUST-24157,pro,99,2026-03-08,,
SUB-10686,CUST-22502,pro,99,2024-06-06,,
SUB-10687,CUST-24755,basic,29,2026-03-30,,
SUB-10688,CUST-23512,basic,29,2026-05-21,,
SUB-10689,CUST-21340,basic,29,2025-04-18,,
SUB-10690,CUST-21536,pro,99,2026-01-22,,
SUB-10691,CUST-24755,basic,29,2025-06-08,2026-06-10,Price too high
SUB-10692,CUST-23907,basic,29,2025-07-21,,
SUB-10693,CUST-24800,basic,29,2026-01-31,,
SUB-10694,CUST-23827,basic,29,2025-07-11,,
SUB-10695,CUST-21386,pro,99,2025-03-08,2025-10-17,Switched to competitor
SUB-10696,CUST-23066,basic,29,2025-01-29,2026-03-14,Missing features
SUB-10697,CUST-21262,enterprise,499,2025-09-23,,
SUB-10698,CUST-24808,pro,99,2025-07-15,2025-10-11,Missing features
SUB-10699,CUST-21948,pro,99,2025-05-06,2025-05-28,Company downsized
SUB-10700,CUST-23323,basic,29,2026-01-03,,
SUB-10701,CUST-22644,basic,29,2026-01-20,,
SUB-10702,CUST-20146,basic,29,2025-01-12,,
SUB-10703,CUST-21167,basic,29,2025-01-31,2025-03-14,Missing features
SUB-10704,CUST-21689,enterprise,499,2026-03-21,2026-04-26,Missing features
SUB-10705,CUST-23983,basic,29,2024-11-03,2025-05-10,Switched to competitor
SUB-10706,CUST-24955,basic,29,2024-01-14,,
SUB-10707,CUST-23532,pro,99,2026-01-31,,
SUB-10708,CUST-22106,basic,29,2025-07-08,,
SUB-10709,CUST-21523,enterprise,499,2024-01-01,2024-08-02,Missing features
SUB-10710,CUST-21989,enterprise,499,2026-03-13,,
SUB-10711,CUST-23758,basic,29,2024-05-12,,
SUB-10712,CUST-20234,basic,29,2025-08-04,,
SUB-10713,CUST-20872,basic,29,2025-11-28,,
SUB-10714,CUST-24555,basic,29,2024-02-25,,
SUB-10715,CUST-24159,basic,29,2024-09-26,,
SUB-10716,CUST-22880,pro,99,2024-08-07,2024-11-02,Company downsized
SUB-10717,CUST-21682,pro,99,2024-01-06,2024-07-21,Missing features
SUB-10718,CUST-22690,pro,99,2024-09-02,2025-02-04,Switched to competitor
SUB-10719,CUST-22087,basic,29,2025-09-04,,
SUB-10720,CUST-20732,basic,29,2024-10-15,,
SUB-10721,CUST-22223,pro,99,2025-12-26,,
SUB-10722,CUST-21842,basic,29,2025-12-06,,
SUB-10723,CUST-22858,basic,29,2026-04-29,,
SUB-10724,CUST-21408,basic,29,2024-09-07,,
SUB-10725,CUST-23174,basic,29,2025-06-26,2026-06-26,Missing features
SUB-10726,CUST-21348,pro,99,2025-07-09,,
SUB-10727,CUST-22526,basic,29,2024-02-18,,
SUB-10728,CUST-24081,basic,29,2026-05-17,,
SUB-10729,CUST-24444,basic,29,2024-04-29,,
SUB-10730,CUST-23134,basic,29,2024-01-22,,
SUB-10731,CUST-23383,basic,29,2024-06-06,,
SUB-10732,CUST-22622,pro,99,2025-05-17,,
SUB-10733,CUST-22227,basic,29,2024-08-13,2025-05-01,Missing features
SUB-10734,CUST-24532,basic,29,2024-02-06,,
SUB-10735,CUST-23679,enterprise,499,2024-03-25,,
SUB-10736,CUST-23831,pro,99,2024-02-28,2024-07-30,Switched to competitor
SUB-10737,CUST-21516,basic,29,2025-10-08,2026-05-12,Price too high
SUB-10738,CUST-20549,basic,29,2024-01-24,,
SUB-10739,CUST-21043,pro,99,2025-03-08,2025-12-31,Price too high
SUB-10740,CUST-23297,basic,29,2024-12-30,,
SUB-10741,CUST-22074,basic,29,2024-12-10,2025-10-23,Don't use it enough
SUB-10742,CUST-22753,basic,29,2025-01-28,,
SUB-10743,CUST-22419,enterprise,499,2026-03-26,,
SUB-10744,CUST-23320,pro,99,2024-09-18,,
SUB-10745,CUST-23232,basic,29,2026-05-31,,
SUB-10746,CUST-22584,pro,99,2025-04-28,,
SUB-10747,CUST-20780,pro,99,2024-01-11,,
SUB-10748,CUST-20052,pro,99,2025-11-23,,
SUB-10749,CUST-22436,pro,99,2025-05-22,,
SUB-10750,CUST-24925,basic,29,2025-07-14,,
SUB-10751,CUST-21763,basic,29,2024-08-06,,
SUB-10752,CUST-22767,basic,29,2024-07-22,2025-01-14,Price too high
SUB-10753,CUST-21737,enterprise,499,2026-05-09,,
SUB-10754,CUST-22889,pro,99,2025-07-16,,
SUB-10755,CUST-20875,basic,29,2025-03-14,,
SUB-10756,CUST-20933,pro,99,2026-02-11,,
SUB-10757,CUST-20966,basic,29,2026-06-13,,
SUB-10758,CUST-24784,enterprise,499,2024-03-30,,
SUB-10759,CUST-22586,enterprise,499,2025-09-30,,
SUB-10760,CUST-21994,basic,29,2025-06-27,,
SUB-10761,CUST-24570,pro,99,2024-03-22,,
SUB-10762,CUST-23902,basic,29,2026-05-21,,
SUB-10763,CUST-22463,pro,99,2026-04-11,,
SUB-10764,CUST-24784,basic,29,2026-04-19,,
SUB-10765,CUST-20453,pro,99,2024-12-29,,
SUB-10766,CUST-24064,enterprise,499,2025-01-08,,
SUB-10767,CUST-23639,basic,29,2024-06-06,,
SUB-10768,CUST-20774,basic,29,2025-01-03,,
SUB-10769,CUST-24146,basic,29,2025-08-27,,
SUB-10770,CUST-20125,basic,29,2025-07-14,,
SUB-10771,CUST-20631,basic,29,2026-03-08,,
SUB-10772,CUST-23825,basic,29,2024-12-02,2025-09-01,Price too high
SUB-10773,CUST-21412,pro,99,2024-12-13,,
SUB-10774,CUST-20709,basic,29,2025-09-30,,
SUB-10775,CUST-21777,pro,99,2026-01-14,2026-06-01,Missing features
SUB-10776,CUST-21311,enterprise,499,2025-12-12,,
SUB-10777,CUST-23790,basic,29,2026-05-26,,
SUB-10778,CUST-20405,pro,99,2026-02-09,,
SUB-10779,CUST-24353,basic,29,2024-11-01,,
SUB-10780,CUST-21949,basic,29,2025-10-08,,
SUB-10781,CUST-23040,basic,29,2025-12-29,,
SUB-10782,CUST-24727,enterprise,499,2025-07-20,2026-04-08,Switched to competitor
SUB-10783,CUST-23391,pro,99,2024-08-21,,
SUB-10784,CUST-22000,basic,29,2026-06-02,,
SUB-10785,CUST-23861,enterprise,499,2025-06-11,,
SUB-10786,CUST-22556,basic,29,2026-05-17,2026-07-03,Company downsized
SUB-10787,CUST-23936,pro,99,2024-03-13,2025-05-11,Price too high
SUB-10788,CUST-21133,pro,99,2024-12-16,,
SUB-10789,CUST-24468,basic,29,2024-10-26,,
SUB-10790,CUST-23604,basic,29,2024-08-25,,
SUB-10791,CUST-23572,basic,29,2025-02-04,2025-08-08,Price too high
SUB-10792,CUST-23947,basic,29,2026-06-17,,
SUB-10793,CUST-22897,basic,29,2025-12-27,2026-05-17,Company downsized
SUB-10794,CUST-20059,pro,99,2026-05-27,,
SUB-10795,CUST-22145,pro,99,2024-07-22,2024-10-29,Missing features
SUB-10796,CUST-21872,basic,29,2024-07-24,,
SUB-10797,CUST-24370,basic,29,2025-06-02,2025-08-20,Don't use it enough
SUB-10798,CUST-24658,basic,29,2024-12-17,,
SUB-10799,CUST-21771,basic,29,2026-02-03,,
SUB-10800,CUST-22087,basic,29,2025-05-06,,
SUB-10801,CUST-22979,basic,29,2026-05-22,,
SUB-10802,CUST-22010,basic,29,2025-06-27,,
SUB-10803,CUST-21510,pro,99,2025-11-06,,
SUB-10804,CUST-21475,pro,99,2024-07-08,2025-05-15,Price too high
SUB-10805,CUST-21890,basic,29,2025-01-24,,
SUB-10806,CUST-21103,pro,99,2024-06-13,,
SUB-10807,CUST-24163,basic,29,2024-03-03,,
SUB-10808,CUST-21655,basic,29,2026-04-29,,
SUB-10809,CUST-22052,basic,29,2024-11-04,,
SUB-10810,CUST-22118,enterprise,499,2024-12-30,,
SUB-10811,CUST-22500,basic,29,2026-02-25,,
SUB-10812,CUST-21816,basic,29,2025-03-11,,
SUB-10813,CUST-22702,enterprise,499,2025-08-04,,
SUB-10814,CUST-24491,basic,29,2026-06-14,,
SUB-10815,CUST-23604,pro,99,2026-05-13,,
SUB-10816,CUST-22443,basic,29,2026-02-07,,
SUB-10817,CUST-22378,pro,99,2024-02-04,2024-06-27,Switched to competitor
SUB-10818,CUST-20458,pro,99,2024-05-27,,
SUB-10819,CUST-24741,basic,29,2025-07-04,,
SUB-10820,CUST-22275,basic,29,2025-06-06,2026-07-17,Missing features
SUB-10821,CUST-20659,enterprise,499,2025-12-07,,
SUB-10822,CUST-20472,pro,99,2025-06-26,,
SUB-10823,CUST-20464,pro,99,2024-02-25,2024-06-30,Missing features
SUB-10824,CUST-20202,basic,29,2024-08-17,,
SUB-10825,CUST-20028,enterprise,499,2025-04-04,,
SUB-10826,CUST-22364,basic,29,2025-01-14,,
SUB-10827,CUST-24388,pro,99,2024-01-09,,
SUB-10828,CUST-22087,pro,99,2026-04-23,,
SUB-10829,CUST-24184,basic,29,2024-02-10,,
SUB-10830,CUST-23692,basic,29,2024-04-30,,
SUB-10831,CUST-22023,pro,99,2025-05-06,,
SUB-10832,CUST-22634,basic,29,2026-03-31,,
SUB-10833,CUST-24885,pro,99,2024-05-11,,
SUB-10834,CUST-20928,pro,99,2025-11-25,,
SUB-10835,CUST-20269,pro,99,2025-05-24,2026-04-17,Missing features
SUB-10836,CUST-22337,basic,29,2026-02-27,,
SUB-10837,CUST-24039,basic,29,2025-08-11,,
SUB-10838,CUST-24814,pro,99,2024-03-29,2024-11-01,Price too high
SUB-10839,CUST-23314,basic,29,2024-10-10,2025-03-05,Price too high
SUB-10840,CUST-21357,basic,29,2025-05-11,,
SUB-10841,CUST-21531,pro,99,2024-05-25,,
SUB-10842,CUST-23643,pro,99,2025-07-03,2025-08-11,Company downsized
SUB-10843,CUST-21135,basic,29,2024-01-28,2024-03-04,Missing features
SUB-10844,CUST-23885,basic,29,2024-10-17,,
SUB-10845,CUST-23168,pro,99,2025-10-20,2026-02-12,Price too high
SUB-10846,CUST-22466,pro,99,2024-09-07,2025-05-17,Switched to competitor
SUB-10847,CUST-20135,enterprise,499,2025-06-04,,
SUB-10848,CUST-23584,pro,99,2024-02-26,,
SUB-10849,CUST-20489,basic,29,2025-06-01,2026-01-25,Missing features
SUB-10850,CUST-23709,basic,29,2026-03-15,,
SUB-10851,CUST-20286,basic,29,2025-05-05,2026-01-12,Don't use it enough
SUB-10852,CUST-24106,basic,29,2025-12-26,,
SUB-10853,CUST-20997,basic,29,2024-01-19,,
SUB-10854,CUST-24921,pro,99,2025-03-22,,
SUB-10855,CUST-23545,pro,99,2025-03-10,,
SUB-10856,CUST-24266,enterprise,499,2025-12-23,,
SUB-10857,CUST-21151,enterprise,499,2025-08-13,2025-12-14,Price too high
SUB-10858,CUST-21497,pro,99,2025-07-16,2025-12-02,Price too high
SUB-10859,CUST-20090,enterprise,499,2026-04-01,,
SUB-10860,CUST-22388,basic,29,2026-01-23,,
SUB-10861,CUST-23576,pro,99,2026-03-24,,
SUB-10862,CUST-20299,basic,29,2026-01-11,2026-06-01,Switched to competitor
SUB-10863,CUST-22731,pro,99,2024-03-15,,
SUB-10864,CUST-21973,pro,99,2024-09-09,,
SUB-10865,CUST-22715,basic,29,2024-11-14,,
SUB-10866,CUST-24977,enterprise,499,2026-04-18,,
SUB-10867,CUST-23529,enterprise,499,2024-05-06,,
SUB-10868,CUST-22864,basic,29,2024-11-30,,
SUB-10869,CUST-20179,basic,29,2024-07-16,2025-04-02,Switched to competitor
SUB-10870,CUST-22359,basic,29,2025-12-07,,
SUB-10871,CUST-21458,enterprise,499,2024-04-04,2024-09-18,Company downsized
SUB-10872,CUST-21114,pro,99,2025-08-18,,
SUB-10873,CUST-22583,pro,99,2025-01-05,,
SUB-10874,CUST-22980,basic,29,2024-12-13,2026-02-05,Missing features
SUB-10875,CUST-21258,basic,29,2026-03-17,,
SUB-10876,CUST-22803,pro,99,2025-01-11,,
SUB-10877,CUST-22957,basic,29,2026-06-04,,
SUB-10878,CUST-22985,basic,29,2025-10-31,,
SUB-10879,CUST-22204,basic,29,2025-10-15,,
SUB-10880,CUST-24629,basic,29,2026-04-17,,
SUB-10881,CUST-22087,pro,99,2024-10-14,,
SUB-10882,CUST-21247,enterprise,499,2024-11-06,,
SUB-10883,CUST-23898,enterprise,499,2024-09-12,,
SUB-10884,CUST-21060,pro,99,2025-02-27,2025-05-15,Don't use it enough
SUB-10885,CUST-22080,basic,29,2025-01-01,,
SUB-10886,CUST-20212,pro,99,2025-08-25,,
SUB-10887,CUST-24930,basic,29,2025-05-07,,
SUB-10888,CUST-24465,basic,29,2024-10-19,,
SUB-10889,CUST-23643,basic,29,2024-01-20,2024-04-20,Don't use it enough
SUB-10890,CUST-21429,basic,29,2025-11-30,,
SUB-10891,CUST-24363,basic,29,2025-05-09,2026-01-08,Company downsized
SUB-10892,CUST-23765,basic,29,2024-12-13,2025-09-03,Company downsized
SUB-10893,CUST-21210,pro,99,2024-09-30,,
SUB-10894,CUST-20338,pro,99,2024-02-25,2024-03-30,Switched to competitor
SUB-10895,CUST-20544,basic,29,2026-04-05,,
SUB-10896,CUST-23671,pro,99,2025-01-29,,
SUB-10897,CUST-24339,enterprise,499,2024-02-18,,
SUB-10898,CUST-23005,enterprise,499,2026-04-14,,
SUB-10899,CUST-24978,pro,99,2026-05-06,,
SUB-10900,CUST-21482,basic,29,2025-10-06,,
SUB-10901,CUST-21264,basic,29,2025-10-02,,
SUB-10902,CUST-20943,basic,29,2025-04-16,2025-09-09,Switched to competitor
SUB-10903,CUST-24752,basic,29,2024-01-13,,
SUB-10904,CUST-24393,enterprise,499,2026-02-14,,
SUB-10905,CUST-24440,pro,99,2024-09-07,2025-02-08,Price too high
SUB-10906,CUST-23147,pro,99,2025-12-02,,
SUB-10907,CUST-20419,basic,29,2024-03-26,,
SUB-10908,CUST-21604,basic,29,2024-09-26,,
SUB-10909,CUST-24073,pro,99,2024-06-03,2024-11-22,Switched to competitor
SUB-10910,CUST-24436,basic,29,2025-01-24,,
SUB-10911,CUST-24369,pro,99,2024-04-15,,
SUB-10912,CUST-21976,pro,99,2025-03-12,,
SUB-10913,CUST-20930,basic,29,2025-11-16,,
SUB-10914,CUST-22121,pro,99,2024-12-01,,
SUB-10915,CUST-24441,basic,29,2024-11-23,2025-12-28,Price too high
SUB-10916,CUST-22977,basic,29,2025-01-08,,
SUB-10917,CUST-23065,pro,99,2026-04-29,,
SUB-10918,CUST-20984,basic,29,2025-05-13,,
SUB-10919,CUST-22802,pro,99,2024-03-28,,
SUB-10920,CUST-21002,basic,29,2024-08-30,,
SUB-10921,CUST-22411,basic,29,2024-04-18,2024-09-26,Missing features
SUB-10922,CUST-21123,pro,99,2024-09-26,,
SUB-10923,CUST-22743,basic,29,2026-01-20,,
SUB-10924,CUST-24007,pro,99,2026-05-02,,
SUB-10925,CUST-21509,basic,29,2024-05-26,,
SUB-10926,CUST-23604,pro,99,2025-06-05,,
SUB-10927,CUST-22746,basic,29,2025-06-27,,
SUB-10928,CUST-22487,pro,99,2025-04-25,2025-10-24,Company downsized
SUB-10929,CUST-21602,pro,99,2024-02-14,2024-04-20,Price too high
SUB-10930,CUST-24477,basic,29,2026-03-03,,
SUB-10931,CUST-24251,basic,29,2025-12-20,,
SUB-10932,CUST-24067,basic,29,2024-12-18,,
SUB-10933,CUST-24191,basic,29,2025-02-02,,
SUB-10934,CUST-23192,basic,29,2024-11-09,,
SUB-10935,CUST-20339,pro,99,2025-11-25,,
SUB-10936,CUST-20059,pro,99,2024-03-22,,
SUB-10937,CUST-23323,pro,99,2024-02-14,,
SUB-10938,CUST-23016,pro,99,2024-09-10,2025-02-09,Missing features
SUB-10939,CUST-23845,basic,29,2024-06-03,2025-05-24,Company downsized
SUB-10940,CUST-24430,basic,29,2024-03-23,2025-05-23,Switched to competitor
SUB-10941,CUST-22804,pro,99,2024-10-18,2025-10-01,Price too high
SUB-10942,CUST-21915,basic,29,2024-10-08,,
SUB-10943,CUST-23582,basic,29,2024-10-14,2025-08-09,Company downsized
SUB-10944,CUST-23728,basic,29,2025-04-18,,
SUB-10945,CUST-24837,pro,99,2024-12-10,,
SUB-10946,CUST-24858,pro,99,2025-09-22,,
SUB-10947,CUST-24603,pro,99,2024-11-14,,
SUB-10948,CUST-24874,basic,29,2024-11-10,,
SUB-10949,CUST-20037,basic,29,2024-08-20,,
SUB-10950,CUST-22137,basic,29,2026-02-17,,
SUB-10951,CUST-21536,basic,29,2025-09-16,,
SUB-10952,CUST-21283,pro,99,2024-06-17,,
SUB-10953,CUST-21540,pro,99,2026-01-14,,
SUB-10954,CUST-24759,pro,99,2024-03-23,,
SUB-10955,CUST-20950,basic,29,2025-04-25,,
SUB-10956,CUST-24047,pro,99,2024-05-10,,
SUB-10957,CUST-21162,pro,99,2024-02-03,,
SUB-10958,CUST-24327,basic,29,2026-02-19,,
SUB-10959,CUST-20587,pro,99,2026-02-06,,
SUB-10960,CUST-23238,enterprise,499,2025-10-25,,
SUB-10961,CUST-22288,basic,29,2025-12-13,,
SUB-10962,CUST-23548,pro,99,2025-02-07,2025-10-22,Missing features
SUB-10963,CUST-20564,basic,29,2024-03-03,2025-05-23,Company downsized
SUB-10964,CUST-20472,basic,29,2024-10-30,2025-03-10,Don't use it enough
SUB-10965,CUST-22939,enterprise,499,2026-01-04,,
SUB-10966,CUST-21568,basic,29,2024-05-12,,
SUB-10967,CUST-23057,pro,99,2024-04-10,,
SUB-10968,CUST-20875,pro,99,2024-12-31,,
SUB-10969,CUST-20883,pro,99,2025-01-25,,
SUB-10970,CUST-21789,basic,29,2026-05-20,,
SUB-10971,CUST-20798,pro,99,2026-01-31,,
SUB-10972,CUST-21750,basic,29,2024-10-02,,
SUB-10973,CUST-20904,pro,99,2026-04-18,,
SUB-10974,CUST-22131,basic,29,2025-08-18,,
SUB-10975,CUST-24258,pro,99,2025-04-11,,
SUB-10976,CUST-24674,basic,29,2024-01-26,2024-03-17,Switched to competitor
SUB-10977,CUST-24853,basic,29,2024-07-07,,
SUB-10978,CUST-22516,enterprise,499,2025-02-02,2025-11-25,Don't use it enough
SUB-10979,CUST-20657,pro,99,2025-05-23,2026-01-12,Switched to competitor
SUB-10980,CUST-20306,basic,29,2025-03-01,,
SUB-10981,CUST-20253,basic,29,2024-07-26,,
SUB-10982,CUST-23759,enterprise,499,2025-12-20,,
SUB-10983,CUST-21696,pro,99,2025-08-25,,
SUB-10984,CUST-24363,basic,29,2025-10-20,,
SUB-10985,CUST-21145,enterprise,499,2025-01-27,,
SUB-10986,CUST-21531,basic,29,2024-07-11,,
SUB-10987,CUST-22153,basic,29,2025-06-13,,
SUB-10988,CUST-24823,enterprise,499,2025-12-03,,
SUB-10989,CUST-24108,pro,99,2025-05-16,,
SUB-10990,CUST-20702,enterprise,499,2024-08-01,,
SUB-10991,CUST-22824,basic,29,2025-11-07,2026-01-20,Switched to competitor
SUB-10992,CUST-24094,basic,29,2025-06-17,,
SUB-10993,CUST-22008,basic,29,2024-03-31,,
SUB-10994,CUST-22282,basic,29,2025-07-23,,
SUB-10995,CUST-20143,pro,99,2025-01-23,,
SUB-10996,CUST-24591,pro,99,2024-07-24,,
SUB-10997,CUST-23270,basic,29,2026-05-09,,
SUB-10998,CUST-21644,pro,99,2026-03-17,,
SUB-10999,CUST-24375,basic,29,2025-01-29,,
SUB-11000,CUST-22367,pro,99,2024-11-23,2026-01-10,Company downsized
